"","year","plot","func_grp","avg_block","sd","n","se"
"1",2008,"CT","Bare ground",0.0443441666666667,0.0461029614920054,3,0.0266175572278483
"2",2008,"CT","Deciduous shrubs",0.194220833333333,0.0463609763387629,3,0.0267665221690786
"3",2008,"CT","Eriophorum",0.138545833333333,0.0151387273105546,3,0.00874034828793707
"4",2008,"CT","Evergreen shrubs",0.243095,0.0191831591180911,3,0.0110754020807373
"5",2008,"CT","Forb",0.036715,0.00575691377823222,3,0.00332375571956384
"6",2008,"CT","Gramminoid",0.0398216666666667,0.00957873208380594,3,0.00553028354708067
"7",2008,"CT","Lichen",0.0417516666666667,0.00757078980908421,3,0.00437099753425284
"8",2008,"CT","Litter",0.120539166666667,0.0252795290617395,3,0.0145951429087823
"9",2008,"CT","Moss",0.121270833333333,0.0424699029706136,3,0.024520009912541
"10",2008,"CT","Standing dead",0.0130808333333333,0.00572856293788707,3,0.00330738735425881
"11",2008,"F10","Bare ground",0.0223266666666667,0.0106109248929268,3,0.00612622034328218
"12",2008,"F10","Deciduous shrubs",0.2395275,0.030245788549813,3,0.017462414161087
"13",2008,"F10","Eriophorum",0.250635,0.0513338030078622,3,0.0296375849851164
"14",2008,"F10","Evergreen shrubs",0.216565,0.0274987375846601,3,0.0158764035468784
"15",2008,"F10","Forb",0.0755433333333333,0.0257729194520786,3,0.0148800019834601
"16",2008,"F10","Gramminoid",0.0681408333333333,0.0367509681278376,3,0.0212181813415864
"17",2008,"F10","Lichen",0.0311841666666667,0.0139908220660308,3,0.00807760488600702
"18",2008,"F10","Litter",0.0637158333333333,0.00870838759951194,3,0.00502778992478582
"19",2008,"F10","Moss",0.0285858333333333,0.0103076344077258,3,0.00595111550000875
"20",2008,"F10","Standing dead",0.00377416666666667,0.0012281524063948,3,0.000709074122437923
"21",2008,"F2","Bare ground",0.02940625,0.011248301121725,2,0.00795375
"22",2008,"F2","Deciduous shrubs",0.180775,0.0713465004835556,3,0.0411919212599186
"23",2008,"F2","Eriophorum",0.1118875,0.0569849162607966,3,0.0329002567429192
"24",2008,"F2","Evergreen shrubs",0.3186075,0.0782607578866957,3,0.0451838696328679
"25",2008,"F2","Forb",0.06062,0.0305233151664428,3,0.0176226442279056
"26",2008,"F2","Gramminoid",0.049865,0.033068969688365,3,0.0190923785514011
"27",2008,"F2","Lichen",0.0341025,0.0222169787268656,3,0.0128269786485361
"28",2008,"F2","Litter",0.104355833333333,0.0136639293244415,3,0.00788887327365434
"29",2008,"F2","Moss",0.113464166666667,0.030858736337273,3,0.0178162997311763
"30",2008,"F2","Standing dead",0.0072325,0.00353906943983867,2,0.0025025
"31",2008,"F5","Bare ground",0.0361991666666667,0.00703932096038626,3,0.00406415385139118
"32",2008,"F5","Deciduous shrubs",0.172130833333333,0.0601482950887499,3,0.0347266343607868
"33",2008,"F5","Eriophorum",0.186865,0.0551253587289915,3,0.0318266407013579
"34",2008,"F5","Evergreen shrubs",0.298894166666667,0.015278640387264,3,0.00882112714043834
"35",2008,"F5","Forb",0.0625525,0.0383354057139089,3,0.0221329568084188
"36",2008,"F5","Gramminoid",0.0496608333333333,0.0086789289853837,3,0.00501078198598892
"37",2008,"F5","Lichen",0.02681,0.00483356299741712,3,0.00279065889770379
"38",2008,"F5","Litter",0.0969875,0.0260140835654459,3,0.0150192381492316
"39",2008,"F5","Moss",0.0627341666666667,0.00800454649454505,3,0.00462142707336646
"40",2008,"F5","Standing dead",0.00753875,0.00719657926552609,2,0.00508875
"41",2010,"CT","Bare ground",0.008875,0.00745402575793779,3,0.00430358377789179
"42",2010,"CT","Deciduous shrubs",0.21925,0.0186878135425202,3,0.0107894141793395
"43",2010,"CT","Eriophorum",0.127416666666667,0.0100010416124188,3,0.00577410406710667
"44",2010,"CT","Evergreen shrubs",0.252041666666667,0.029715403553264,3,0.0171561962405553
"45",2010,"CT","Forb",0.03425,0.0328833164385833,3,0.0189851915976637
"46",2010,"CT","Gramminoid",0.0504583333333333,0.0101952296851681,3,0.00588621860318188
"47",2010,"CT","Lichen",0.0854166666666667,0.0174222977340342,3,0.0100587682866465
"48",2010,"CT","Litter",0.06375,0.00397452827389617,3,0.00229469496883573
"49",2010,"CT","Moss",0.155,0.027167305718455,3,0.0156850512697069
"50",2010,"CT","Standing dead",0.00325,0.00243349029174147,3,0.00140497627500728
"51",2010,"F10","Bare ground",0.00308333333333333,0.00144337567297406,3,0.000833333333333333
"52",2010,"F10","Deciduous shrubs",0.330125,0.0709481544862162,3,0.0409619360911241
"53",2010,"F10","Eriophorum",0.187416666666667,0.023502770226791,3,0.0135693307171397
"54",2010,"F10","Evergreen shrubs",0.172708333333333,0.0285887689195134,3,0.0165057334314811
"55",2010,"F10","Forb",0.129208333333333,0.0133944562537392,3,0.007733292923745
"56",2010,"F10","Gramminoid",0.0715,0.0389356440167618,3,0.0224795045541489
"57",2010,"F10","Lichen",0.0129166666666667,0.00950438495292217,3,0.00548735921105144
"58",2010,"F10","Litter",0.065,0.00504510901765264,3,0.00291279504943276
"59",2010,"F10","Moss",0.0281666666666667,0.0125102041683313,3,0.00722276974420324
"60",2010,"F10","Standing dead",0.000625,NA,1,NA
"61",2010,"F5","Bare ground",0.007375,0.00593848676010985,3,0.00342858692952845
"62",2010,"F5","Deciduous shrubs",0.276083333333333,0.0560693395121909,3,0.032371648260648
"63",2010,"F5","Eriophorum",0.172833333333333,0.0187859377815784,3,0.0108460662351738
"64",2010,"F5","Evergreen shrubs",0.279833333333333,0.0340673352837191,3,0.0196687851966285
"65",2010,"F5","Forb",0.04875,0.0319484447978301,3,0.0184454432042171
"66",2010,"F5","Gramminoid",0.0405833333333333,0.00787235405284425,3,0.00454510573156567
"67",2010,"F5","Lichen",0.0400416666666667,0.0225971283205042,3,0.0130464581187556
"68",2010,"F5","Litter",0.0702083333333333,0.00942431474078266,3,0.00544113065251863
"69",2010,"F5","Moss",0.0619583333333333,0.0318154672813921,3,0.0183686685993055
"70",2010,"F5","Standing dead",0.00275,0.000176776695296637,2,0.000125
"71",2011,"CT","Bare ground",0.0518163085,0.0213883817160142,2,0.01512386975
"72",2011,"CT","Deciduous shrubs",0.200056390958333,0.0162559090302053,3,0.00938535345451109
"73",2011,"CT","Eriophorum",0.181867841041667,0.0070683722861333,3,0.00408092664213155
"74",2011,"CT","Evergreen shrubs",0.186616364875,0.049373408001072,3,0.0285057504002282
"75",2011,"CT","Forb",0.0337053105,0.0133809416653104,3,0.00772549027247762
"76",2011,"CT","Gramminoid",0.0433423515416667,0.0244475950128698,3,0.0141148255617193
"77",2011,"CT","Lichen",0.0359522084166667,0.0320078791304722,3,0.0184797576321671
"78",2011,"CT","Litter",0.110966629666667,0.00672269939838002,3,0.00388135230733564
"79",2011,"CT","Moss",0.165140146166667,0.0442783156224552,3,0.0255640974438877
"80",2011,"F10","Bare ground",0.00776831025,0.00696839749822745,2,0.004927401125
"81",2011,"F10","Deciduous shrubs",0.359764229625,0.110696459222246,3,0.0639106305303019
"82",2011,"F10","Eriophorum",0.234650975041667,0.0314405774946895,3,0.0181522258800363
"83",2011,"F10","Evergreen shrubs",0.0905018555833333,0.00234481644494172,3,0.00135378040568736
"84",2011,"F10","Forb",0.105947305375,0.0433905348026945,3,0.0250515369486175
"85",2011,"F10","Gramminoid",0.05231406325,0.0276086132514808,3,0.0159398402926947
"86",2011,"F10","Lichen",0.00566463825,0.00252125127694068,2,0.001782793875
"87",2011,"F10","Litter",0.112457937083333,0.0158009168499373,3,0.00912266359675419
"88",2011,"F10","Moss",0.0244419056666667,0.0217427485497588,3,0.0125531817281256
"89",2011,"F5","Bare ground",0.0174710594583333,0.00732295320778446,3,0.00422790900577739
"90",2011,"F5","Deciduous shrubs",0.233654737916667,0.0316318187313983,3,0.0182626390595302
"91",2011,"F5","Eriophorum",0.268141097708333,0.0218394341049902,3,0.0126090031594652
"92",2011,"F5","Evergreen shrubs",0.2133152205,0.0298016110500795,3,0.0172059681620479
"93",2011,"F5","Forb",0.053515763125,0.0384610218206124,3,0.0222054813014386
"94",2011,"F5","Gramminoid",0.0416201300416667,0.0301637898934572,3,0.0174150722147668
"95",2011,"F5","Lichen",0.0169800842083333,0.0142761468956699,3,0.00824233725320564
"96",2011,"F5","Litter",0.0965600464166667,0.0157789672468664,3,0.00910999098751259
"97",2011,"F5","Moss",0.04842104925,0.0134833709001069,3,0.00778462781876031
"98",2011,"F5","Standing dead",0.001666666625,NA,1,NA
"99",2012,"CT","Bare ground",0.0112375,0.00816957962504804,3,0.00471670899568757
"100",2012,"CT","Deciduous shrubs",0.256141666666667,0.0404867577373557,3,0.0233750404782775
"101",2012,"CT","Eriophorum",0.177841666666667,0.0575460635237836,3,0.0332242352662597
"102",2012,"CT","Evergreen shrubs",0.255020833333333,0.01873896480821,3,0.010818946376355
"103",2012,"CT","Forb",0.0412708333333333,0.023921402333127,3,0.0138110280764242
"104",2012,"CT","Gramminoid",0.0563541666666667,0.028536364775201,3,0.0164754778846557
"105",2012,"CT","Lichen",0.0273916666666667,0.0219611778676221,3,0.0126792919535929
"106",2012,"CT","Litter",0.0729375,0.014981572013644,3,0.0086496146349611
"107",2012,"CT","Moss",0.1005625,0.0281035779528159,3,0.0162256082962499
"108",2012,"F10","Bare ground",0.0190375,0.00285627051414953,3,0.00164906855022262
"109",2012,"F10","Deciduous shrubs",0.301766666666667,0.0682075833546632,3,0.0393796666105887
"110",2012,"F10","Eriophorum",0.166191666666667,0.0382090657872361,3,0.0220600144177449
"111",2012,"F10","Evergreen shrubs",0.149645833333333,0.0230394374298361,3,0.0133018254020934
"112",2012,"F10","Forb",0.1304875,0.0213204713831566,3,0.0123093798923152
"113",2012,"F10","Gramminoid",0.0415791666666667,0.015883168830033,3,0.00917015179960385
"114",2012,"F10","Lichen",0.00256666666666667,0.00178843215787833,3,0.00103255178777844
"115",2012,"F10","Litter",0.173395833333333,0.0446840371618695,3,0.0257983408838846
"116",2012,"F10","Moss",0.0110458333333333,0.00832466528356146,3,0.00480624774237774
"117",2012,"F10","Standing dead",0.0127875,NA,1,NA
"118",2012,"F2","Bare ground",0.00528125,0.000680590276892052,2,0.00048125
"119",2012,"F2","Deciduous shrubs",0.240458333333333,0.0747670761571116,3,0.0431667915458297
"120",2012,"F2","Eriophorum",0.1478875,0.0180268723022048,3,0.010407819576325
"121",2012,"F2","Evergreen shrubs",0.3227375,0.0651974872502767,3,0.0376417868144345
"122",2012,"F2","Forb",0.095125,0.0199507048747657,3,0.0115185448299688
"123",2012,"F2","Gramminoid",0.0446916666666667,0.0193629814874501,3,0.011179222574093
"124",2012,"F2","Lichen",0.0181208333333333,0.00295958013632565,3,0.00170871438839588
"125",2012,"F2","Litter",0.0431833333333333,0.017788322773194,3,0.0102700929415355
"126",2012,"F2","Moss",0.0842958333333333,0.00920710776157927,3,0.00531572614460569
"127",2012,"F5","Bare ground",0.005,0.00549112920991666,3,0.0031703049275004
"128",2012,"F5","Deciduous shrubs",0.320045833333333,0.0658038780360499,3,0.0379918866978347
"129",2012,"F5","Eriophorum",0.170308333333333,0.0600681778447069,3,0.0346803786483718
"130",2012,"F5","Evergreen shrubs",0.2577875,0.0360552765729234,3,0.0208165236350837
"131",2012,"F5","Forb",0.0719458333333333,0.0550673399310638,3,0.0317931435327563
"132",2012,"F5","Gramminoid",0.0548666666666667,0.020440066097822,3,0.0118010776638313
"133",2012,"F5","Lichen",0.0105083333333333,0.00564305897393721,3,0.00325802161765558
"134",2012,"F5","Litter",0.0807208333333333,0.0288734370067599,3,0.0166700866282825
"135",2012,"F5","Moss",0.0261916666666667,0.0161513463706074,3,0.00932498417484508
"136",2013,"CT","Bare ground",0.01018125,0.00386257079223152,2,0.00273125
"137",2013,"CT","Deciduous shrubs",0.30395,0.0523637174601842,3,0.0302322063714069
"138",2013,"CT","Eriophorum",0.127133333333333,0.040516887554245,3,0.0233924359361691
"139",2013,"CT","Evergreen shrubs",0.254379166666667,0.0398866956463347,3,0.023028594468496
"140",2013,"CT","Forb",0.0478208333333333,0.0291715998804202,3,0.0168422310436527
"141",2013,"CT","Gramminoid",0.0239041666666667,0.0142397678907816,3,0.00822133382494052
"142",2013,"CT","Lichen",0.0216875,0.0218871644748697,3,0.0126365603013637
"143",2013,"CT","Litter",0.101691666666667,0.0112790619992681,3,0.00651196948148391
"144",2013,"CT","Moss",0.112608333333333,0.0178010196922349,3,0.0102774235111616
"145",2013,"F10","Bare ground",0.00298125,0.00301404265480766,2,0.00213125
"146",2013,"F10","Deciduous shrubs",0.425845833333333,0.0399467796991614,3,0.0230632840125695
"147",2013,"F10","Eriophorum",0.0701083333333333,0.0207212991770143,3,0.011963447657808
"148",2013,"F10","Evergreen shrubs",0.1050875,0.0244189443619088,3,0.0140982841006746
"149",2013,"F10","Forb",0.1501375,0.0454595149556174,3,0.0262460631968555
"150",2013,"F10","Gramminoid",0.0538791666666667,0.0157322833556777,3,0.00908303803036798
"151",2013,"F10","Lichen",0.0016125,NA,1,NA
"152",2013,"F10","Litter",0.153216666666667,0.0465099961253851,3,0.0268525587829995
"153",2013,"F10","Moss",0.00692083333333333,0.00295551215245908,3,0.00170636573681546
"154",2013,"F10","Standing dead",0.010375,NA,1,NA
"155",2013,"F2","Bare ground",0.0068,0.00475059206836369,3,0.00274275560947988
"156",2013,"F2","Deciduous shrubs",0.25925,0.0410756714035206,3,0.0237150499419672
"157",2013,"F2","Eriophorum",0.079125,0.00268086389993972,3,0.00154779749429095
"158",2013,"F2","Evergreen shrubs",0.406608333333333,0.0184426574707479,3,0.0106478732553083
"159",2013,"F2","Forb",0.0843208333333333,0.0195407320316649,3,0.0112818468986441
"160",2013,"F2","Gramminoid",0.0296583333333333,0.0160532382506874,3,0.00926834142539957
"161",2013,"F2","Lichen",0.0132875,0.00778231167456046,3,0.00449311974022505
"162",2013,"F2","Litter",0.0779625,0.0211803011369055,3,0.0122284525629097
"163",2013,"F2","Moss",0.0429875,0.0204827518903101,3,0.0118257223176148
"164",2013,"F5","Bare ground",0.00475,NA,1,NA
"165",2013,"F5","Deciduous shrubs",0.392204166666667,0.050597178054545,3,0.029212294370027
"166",2013,"F5","Eriophorum",0.118141666666667,0.0507060806470322,3,0.0292751693111149
"167",2013,"F5","Evergreen shrubs",0.328825,0.03591188652452,3,0.0207337373520389
"168",2013,"F5","Forb",0.056125,0.0506896022991895,3,0.0292656555325521
"169",2013,"F5","Gramminoid",0.0628916666666667,0.0595936045925511,3,0.0344063836534895
"170",2013,"F5","Lichen",0.00655833333333333,0.00423815137569829,3,0.00244689783762579
"171",2013,"F5","Litter",0.101716666666667,0.0107687796236776,3,0.00621735781457401
"172",2013,"F5","Moss",0.0318916666666667,0.00631234323237681,3,0.00364443306443006
"173",2014,"CT","Bare ground",0.012075,NA,1,NA
"174",2014,"CT","Deciduous shrubs",0.2553625,0.0395632958055822,3,0.0228418794833817
"175",2014,"CT","Eriophorum",0.196341666666667,0.0637417817415181,3,0.0368013348470919
"176",2014,"CT","Evergreen shrubs",0.309670833333333,0.0490645259666629,3,0.0283274172745142
"177",2014,"CT","Forb",0.0399458333333333,0.029869618587845,3,0.0172452323322837
"178",2014,"CT","Gramminoid",0.0775666666666667,0.0486637848747231,3,0.0280960492972074
"179",2014,"CT","Lichen",0.0412333333333333,0.0217264395859822,3,0.012543765743499
"180",2014,"CT","Litter",0.0165083333333333,0.000355390043942333,3,0.000205184537537419
"181",2014,"CT","Moss",0.059325,0.0113187551766968,3,0.00653488634815735
"182",2014,"F10","Bare ground",0.005675,0.00252790674274191,2,0.0017875
"183",2014,"F10","Deciduous shrubs",0.343029166666667,0.167691816163859,3,0.096816915203101
"184",2014,"F10","Eriophorum",0.113075,0.0164716849851495,3,0.00950993176018279
"185",2014,"F10","Evergreen shrubs",0.1528375,0.0388779400013684,3,0.0224461891253282
"186",2014,"F10","Forb",0.1765125,0.104433534484858,3,0.0602947292472568
"187",2014,"F10","Gramminoid",0.090575,0.0274029309563776,3,0.0158210895642494
"188",2014,"F10","Lichen",0.00465625,0.00122859803231163,2,0.00086875
"189",2014,"F10","Litter",0.109729166666667,0.0290623369171052,3,0.0167791480423703
"190",2014,"F10","Moss",0.00655,0.00252459774023507,3,0.00145757718492024
"191",2014,"F2","Bare ground",0.00479166666666667,0.00297703011965504,3,0.00171878914096846
"192",2014,"F2","Deciduous shrubs",0.279933333333333,0.0462400231356271,3,0.0266966898046888
"193",2014,"F2","Eriophorum",0.169704166666667,0.0438127306223127,3,0.0252952918187248
"194",2014,"F2","Evergreen shrubs",0.348595833333333,0.0907318424787204,3,0.05238405367916
"195",2014,"F2","Forb",0.079875,0.0187999501329126,3,0.0108541562699886
"196",2014,"F2","Gramminoid",0.0505416666666667,0.0135931412698954,3,0.00784800377130672
"197",2014,"F2","Lichen",0.0198,0.00696926287350391,3,0.00402370579607075
"198",2014,"F2","Litter",0.0117208333333333,0.00304267391998113,3,0.00175668860675736
"199",2014,"F2","Moss",0.0350416666666667,0.019655375907963,3,0.0113480365714857
"200",2014,"F5","Bare ground",0.005925,NA,1,NA
"201",2014,"F5","Deciduous shrubs",0.2766875,0.0516119369065917,3,0.0297981656664187
"202",2014,"F5","Eriophorum",0.177970833333333,0.0631587500536017,3,0.0364647213451272
"203",2014,"F5","Evergreen shrubs",0.345879166666667,0.0458518612172214,3,0.0264725844166081
"204",2014,"F5","Forb",0.06285,0.0491707055191401,3,0.0283887200677194
"205",2014,"F5","Gramminoid",0.0864125,0.0299199348261322,3,0.0172742824260035
"206",2014,"F5","Lichen",0.01335,0.0100579337465505,3,0.00580695075606237
"207",2014,"F5","Litter",0.0266583333333333,0.00792685638089485,3,0.00457657266533714
"208",2014,"F5","Moss",0.008175,0.00492495241093759,3,0.00284342260020092
"209",2015,"CT","Bare ground",0.0215866666666667,0.00505348724479773,3,0.00291763222113031
"210",2015,"CT","Deciduous shrubs",0.208846666666667,0.0341359068040287,3,0.0197083749823379
"211",2015,"CT","Eriophorum",0.19448,0.0601437311779042,3,0.0347239993856315
"212",2015,"CT","Evergreen shrubs",0.246713333333333,0.0834896624339405,3,0.0482027790807865
"213",2015,"CT","Forb",0.04026,0.0376497383789051,3,0.0217370865879798
"214",2015,"CT","Gramminoid",0.0702266666666667,0.0417120238460487,3,0.0240824481959603
"215",2015,"CT","Lichen",0.0330933333333333,0.0216308051938279,3,0.0124885512014449
"216",2015,"CT","Litter",0.06122,0.010619905837624,3,0.00613140549412069
"217",2015,"CT","Moss",0.120726666666667,0.0713269495585878,3,0.0411806335281255
"218",2015,"F10","Bare ground",0.0014,NA,1,NA
"219",2015,"F10","Deciduous shrubs",0.445333333333333,0.077409191530033,3,0.0446922175676159
"220",2015,"F10","Eriophorum",0.0973666666666667,0.0073063625240836,3,0.00421833037007666
"221",2015,"F10","Evergreen shrubs",0.106406666666667,0.0297851394714434,3,0.0171964582916884
"222",2015,"F10","Forb",0.0889866666666667,0.0213645531976059,3,0.0123348305397539
"223",2015,"F10","Gramminoid",0.0743866666666667,0.0441435401087558,3,0.0254862847647732
"224",2015,"F10","Lichen",0.00762,NA,1,NA
"225",2015,"F10","Litter",0.09676,0.0550840666617852,3,0.031802800715241
"226",2015,"F10","Moss",0.00696666666666667,0.00123698558331669,3,0.000714173959511578
"227",2015,"F10","Standing dead",0.00795,0.00629325035256027,2,0.00445
"228",2015,"F2","Bare ground",0.01312,NA,1,NA
"229",2015,"F2","Deciduous shrubs",0.209866666666667,0.0245507664510364,3,0.0141743916193175
"230",2015,"F2","Eriophorum",0.12824,0.0234666060605278,3,0.0135484513260126
"231",2015,"F2","Evergreen shrubs",0.421653333333333,0.121895404890149,3,0.0703763448263059
"232",2015,"F2","Forb",0.0721333333333333,0.0221735007009117,3,0.0128018765985477
"233",2015,"F2","Gramminoid",0.06222,0.0446835584975055,3,0.0257980645268852
"234",2015,"F2","Lichen",0.0125066666666667,0.00946049329228309,3,0.00546201834896629
"235",2015,"F2","Litter",0.05006,0.0227183362066856,3,0.0131164375244703
"236",2015,"F2","Moss",0.0389466666666667,0.0234264152898674,3,0.0135252471737529
"237",2015,"F5","Deciduous shrubs",0.283173333333333,0.0173122076389273,3,0.00999520774060137
"238",2015,"F5","Eriophorum",0.178393333333333,0.014420323620964,3,0.0083255777243651
"239",2015,"F5","Evergreen shrubs",0.308546666666667,0.0946146845544249,3,0.0546258135967888
"240",2015,"F5","Forb",0.0700266666666667,0.0581374383107248,3,0.0335656656586922
"241",2015,"F5","Gramminoid",0.0728666666666667,0.0248534290055383,3,0.0143491339266328
"242",2015,"F5","Lichen",0.00727,0.00199404112294606,2,0.00141
"243",2015,"F5","Litter",0.0595866666666667,0.0184771462443023,3,0.010667785358004
"244",2015,"F5","Moss",0.0160266666666667,0.00638878183485188,3,0.00368856491214552
"245",2016,"CT","Bare ground",0.00367916666666667,0.00162770608014264,3,0.000939756543531946
"246",2016,"CT","Deciduous shrubs",0.216654166666667,0.0203469221157239,3,0.0117473009606935
"247",2016,"CT","Eriophorum",0.186495833333333,0.0696973920482921,3,0.0402398080608963
"248",2016,"CT","Evergreen shrubs",0.248583333333333,0.0555147029135826,3,0.032051428671139
"249",2016,"CT","Forb",0.0501041666666667,0.0183121131927294,3,0.0105725034812532
"250",2016,"CT","Gramminoid",0.0805875,0.0532498650233031,3,0.0307438239055153
"251",2016,"CT","Lichen",0.0431125,0.014294934636087,3,0.00825318436019294
"252",2016,"CT","Litter",0.0680291666666667,0.0179473027801766,3,0.0103618800913627
"253",2016,"CT","Moss",0.101929166666667,0.0202239428545309,3,0.011676298851139
"254",2016,"F10","Bare ground",0.00215,NA,1,NA
"255",2016,"F10","Deciduous shrubs",0.537066666666667,0.267080725546291,3,0.154199128789512
"256",2016,"F10","Eriophorum",0.0590208333333333,0.0155922774020774,3,0.0090022055553687
"257",2016,"F10","Evergreen shrubs",0.147629166666667,0.0940070786341823,3,0.0542750121551755
"258",2016,"F10","Forb",0.0911583333333333,0.087216671941684,3,0.0503545690233545
"259",2016,"F10","Gramminoid",0.08685,0.0837208671344845,3,0.0483362651768835
"260",2016,"F10","Lichen",0.001175,NA,1,NA
"261",2016,"F10","Litter",0.06745,0.0240357253635084,3,0.0138770325087895
"262",2016,"F10","Moss",0.0034,NA,1,NA
"263",2016,"F2","Deciduous shrubs",0.214533333333333,0.0141189607295769,3,0.00815158577789895
"264",2016,"F2","Eriophorum",0.136479166666667,0.0416666258333133,3,0.0240562376410869
"265",2016,"F2","Evergreen shrubs",0.321083333333333,0.0619739213466708,3,0.0357806601722371
"266",2016,"F2","Forb",0.0703041666666667,0.0220514325403891,3,0.0127314005132105
"267",2016,"F2","Gramminoid",0.118083333333333,0.0944348687036909,3,0.0545219968669629
"268",2016,"F2","Lichen",0.0456333333333333,0.0258774827713851,3,0.0149403716440091
"269",2016,"F2","Litter",0.0526083333333333,0.00912870073358379,3,0.00527045782588614
"270",2016,"F2","Moss",0.0408916666666667,0.015065452684315,3,0.00869804316275282
"271",2016,"F2","Standing dead",0.0011625,NA,1,NA
"272",2016,"F5","Deciduous shrubs",0.222491666666667,0.0534385399508944,3,0.0308527554257494
"273",2016,"F5","Eriophorum",0.1368125,0.066346608805575,3,0.0383052324537175
"274",2016,"F5","Evergreen shrubs",0.2719125,0.0793188541583904,3,0.0457947618001594
"275",2016,"F5","Forb",0.0758333333333333,0.0458319780102641,3,0.026461104841719
"276",2016,"F5","Gramminoid",0.192295833333333,0.120615567204583,3,0.0696374301940255
"277",2016,"F5","Lichen",0.00942083333333333,0.00704903953268339,3,0.00406976487172307
"278",2016,"F5","Litter",0.07535,0.0180053290722497,3,0.0103953815867112
"279",2016,"F5","Moss",0.00947083333333333,0.00836876944857088,3,0.00483171129391831
"280",2016,"F5","Standing dead",0.005675,0.000247487373415292,2,0.000175
"281",2017,"CT","Bare ground",0.006393343,0.00061111456076674,2,0.00043212325
"282",2017,"CT","Deciduous shrubs",0.226787698583333,0.0202610074913102,3,0.011697698129161
"283",2017,"CT","Eriophorum",0.153642510291667,0.0482462686113267,3,0.0278549961701444
"284",2017,"CT","Evergreen shrubs",0.244296125458333,0.00771604389045015,3,0.00445486001723036
"285",2017,"CT","Forb",0.040469383125,0.0246832869039476,3,0.0142509023384789
"286",2017,"CT","Gramminoid",0.0878501222916667,0.0511663706166864,3,0.029540917849
"287",2017,"CT","Lichen",0.0560725628333333,0.0343617797227455,3,0.0198387827727617
"288",2017,"CT","Litter",0.0553147750416667,0.0184433528110341,3,0.0106482747102098
"289",2017,"CT","Moss",0.124266900041667,0.0685029981228038,3,0.0395502244064972
"290",2017,"F10","Deciduous shrubs",0.379574217666667,0.0325208945484306,3,0.0187759472218238
"291",2017,"F10","Eriophorum",0.0443945545,0.0171895241940605,3,0.00992437642068241
"292",2017,"F10","Evergreen shrubs",0.0693934148333333,0.0370481467338699,3,0.0213897574897766
"293",2017,"F10","Forb",0.152955259375,0.090429342001806,3,0.0522094049473834
"294",2017,"F10","Gramminoid",0.253800035958333,0.153977393456596,3,0.0888988895612824
"295",2017,"F10","Lichen",0.002232142875,NA,1,NA
"296",2017,"F10","Litter",0.050220123875,0.000845077078908586,3,0.000487905478993855
"297",2017,"F10","Moss",0.0061108425625,0.00186661809449086,2,0.0013198983125
"298",2017,"F10","Standing dead",0.0077553760625,0.00285481785242198,2,0.0020186610625
"299",2017,"F2","Bare ground",0.001736111125,NA,1,NA
"300",2017,"F2","Deciduous shrubs",0.23777451675,0.113582541225568,2,0.080314985125
"301",2017,"F2","Eriophorum",0.07956354125,0.0508299170030414,2,0.035942179
"302",2017,"F2","Evergreen shrubs",0.4209537795,0.0758445058114234,2,0.053630164375
"303",2017,"F2","Forb",0.0813417941875,0.0497359184259073,2,0.0351686051875
"304",2017,"F2","Gramminoid",0.0764872848125,0.0418290739099798,2,0.0295776218125
"305",2017,"F2","Lichen",0.0255029926875,0.0142462937784249,2,0.0100736509375
"306",2017,"F2","Litter",0.0508840015625,0.00341048056907798,2,0.0024115739375
"307",2017,"F2","Moss",0.0255993776875,0.00312048494118158,2,0.0022065160625
"308",2017,"F5","Bare ground",0.001948071,NA,1,NA
"309",2017,"F5","Deciduous shrubs",0.293388289125,0.0915004794602757,3,0.05282782644737
"310",2017,"F5","Eriophorum",0.116390203291667,0.0362558002242523,3,0.0209322960191573
"311",2017,"F5","Evergreen shrubs",0.315606415375,0.110007308239737,3,0.0635127490250384
"312",2017,"F5","Forb",0.07473165825,0.0674665314277245,3,0.0389518200810871
"313",2017,"F5","Gramminoid",0.102047731333333,0.0669404579314953,3,0.0386480914064257
"314",2017,"F5","Lichen",0.0102910192916667,0.00418596185090969,3,0.00241676620144021
"315",2017,"F5","Litter",0.06850473825,0.0142423897536146,3,0.00822284755815295
"316",2017,"F5","Moss",0.00624327554166667,0.00370388228163319,3,0.00213843743234761
"317",2018,"CT","Bare ground",0.002419354875,NA,1,NA
"318",2018,"CT","Deciduous shrubs",0.256283678291667,0.0170145033082112,3,0.0098233280651235
"319",2018,"CT","Eriophorum",0.09070948125,0.0277471938518394,3,0.0160198498396162
"320",2018,"CT","Evergreen shrubs",0.27177695975,0.025830295645029,3,0.0149131281439051
"321",2018,"CT","Forb",0.0625757991666667,0.0397414962679584,3,0.0229447635683043
"322",2018,"CT","Gramminoid",0.0699503471666667,0.0322611894429694,3,0.0186260064092759
"323",2018,"CT","Lichen",0.039844049625,0.0205651046582541,3,0.0118732687103558
"324",2018,"CT","Litter",0.10397026225,0.0168320434847067,3,0.00971798483690689
"325",2018,"CT","Moss",0.100127837041667,0.0173497734763008,3,0.0100168963869213
"326",2018,"CT","Standing dead",0.0059327010625,0.00260363496219151,2,0.0018410479375
"327",2018,"F10","Deciduous shrubs",0.424483163833333,0.0717776079231675,3,0.0414408212562282
"328",2018,"F10","Eriophorum",0.032073720875,0.0146701828153778,2,0.01037338575
"329",2018,"F10","Evergreen shrubs",0.0579113177083333,0.0134334901848738,3,0.00775582917439306
"330",2018,"F10","Forb",0.187848918583333,0.129558034344748,3,0.0748003660046191
"331",2018,"F10","Gramminoid",0.144705461291667,0.0269049061331659,3,0.015533554798505
"332",2018,"F10","Lichen",0.0015180924375,0.000396642621683481,2,0.0002804686875
"333",2018,"F10","Litter",0.107307961791667,0.0819519791671309,3,0.0473149972327656
"334",2018,"F10","Moss",0.0022472561875,0.00137425628399346,2,0.0009717459375
"335",2018,"F10","Standing dead",0.05385046375,0.0218565123750965,3,0.0126188633033083
"336",2018,"F2","Deciduous shrubs",0.246595678375,0.0628369468261582,3,0.0362789281651366
"337",2018,"F2","Eriophorum",0.0398204772083333,0.0277931923845712,3,0.0160464071048712
"338",2018,"F2","Evergreen shrubs",0.407034650333333,0.0465807543829582,3,0.0268934110820568
"339",2018,"F2","Forb",0.1094971905,0.0509520716802541,3,0.0294171923003638
"340",2018,"F2","Gramminoid",0.08368289025,0.0232011856115044,3,0.0133952107583205
"341",2018,"F2","Lichen",0.0172937617916667,0.0101513569892864,3,0.00586088869040447
"342",2018,"F2","Litter",0.0661512453333333,0.0332812013502579,3,0.0192149105585256
"343",2018,"F2","Moss",0.0285574620416667,0.01365077459025,3,0.00788127838432774
"344",2018,"F2","Standing dead",0.004099932375,NA,1,NA
"345",2018,"F5","Bare ground",0.00110619475,NA,1,NA
"346",2018,"F5","Deciduous shrubs",0.295443430041667,0.0243482445962726,3,0.0140574655719528
"347",2018,"F5","Eriophorum",0.0789257759166667,0.0277748027633235,3,0.0160357898520936
"348",2018,"F5","Evergreen shrubs",0.312839287041667,0.120494388796418,3,0.0695674678074517
"349",2018,"F5","Forb",0.0918562242916667,0.0747809333437089,3,0.0431747919962418
"350",2018,"F5","Gramminoid",0.102358339583333,0.0499827968833108,3,0.0288575812354299
"351",2018,"F5","Lichen",0.00516481545833333,0.00308352213270774,3,0.00178027233337098
"352",2018,"F5","Litter",0.0880189266666667,0.0298588460706003,3,0.0172390128165527
"353",2018,"F5","Moss",0.006584733,0.00418825639747145,2,0.0029615445
"354",2018,"F5","Standing dead",0.0309519713125,0.0372226557753181,2,0.0263203923125
"355",2019,"CT","Bare ground",0.00846600170833333,0.00614857262735409,3,0.00354988006153485
"356",2019,"CT","Deciduous shrubs",0.202575843041667,0.0333989142078814,3,0.0192828721085615
"357",2019,"CT","Eriophorum",0.137856464791667,0.0458300367914096,3,0.0264599840784908
"358",2019,"CT","Evergreen shrubs",0.230915747333333,0.0050541840645115,3,0.00291803453017963
"359",2019,"CT","Forb",0.0391184305,0.0253745587116383,3,0.0146500083027323
"360",2019,"CT","Gramminoid",0.104003036916667,0.0564735957325521,3,0.0326050456982951
"361",2019,"CT","Lichen",0.0350373361666667,0.0115881768353083,3,0.00669043701528224
"362",2019,"CT","Litter",0.1145914745,0.0164878711126235,3,0.00951927682523705
"363",2019,"CT","Moss",0.117219606833333,0.0204159859262277,3,0.0117871749702792
"364",2019,"CT","Standing dead",0.00373765779166667,0.00279881370654378,3,0.00161589584688467
"365",2019,"F10","Deciduous shrubs",0.503310410416667,0.0592070035404696,3,0.0341831794320013
"366",2019,"F10","Eriophorum",0.035541398375,0.0288062392261455,3,0.0166312899715559
"367",2019,"F10","Evergreen shrubs",0.031608693375,0.00385441872156679,3,0.00222534968646612
"368",2019,"F10","Forb",0.153773565458333,0.060605150762054,3,0.0349904001067497
"369",2019,"F10","Gramminoid",0.0866690750416667,0.0330157436309558,3,0.019061648472828
"370",2019,"F10","Litter",0.1262687135,0.0757488509401451,3,0.0437336194810976
"371",2019,"F10","Moss",0.005941255,NA,1,NA
"372",2019,"F10","Standing dead",0.05967043475,0.0503134123445597,3,0.0290484621609802
"373",2019,"F2","Bare ground",0.002293578,NA,1,NA
"374",2019,"F2","Deciduous shrubs",0.185106192083333,0.0693656667285224,3,0.0400482863582303
"375",2019,"F2","Eriophorum",0.069478503,0.0305888122553549,3,0.0176604589898201
"376",2019,"F2","Evergreen shrubs",0.3258266725,0.0747792015489966,3,0.0431737921440985
"377",2019,"F2","Forb",0.117530945708333,0.068587889430796,3,0.0395992364260184
"378",2019,"F2","Gramminoid",0.12685563025,0.0775624503045898,3,0.0447807015623619
"379",2019,"F2","Lichen",0.016479524375,0.0149343227485345,3,0.00862233525903115
"380",2019,"F2","Litter",0.0851362891666667,0.0298310765205062,3,0.0172229800593306
"381",2019,"F2","Moss",0.034873018125,0.0243740282794235,3,0.0140723517883607
"382",2019,"F2","Standing dead",0.010603856375,0.0103913500483224,3,0.00599944874764256
"383",2019,"F5","Bare ground",0.0050509525625,0.00284215728228153,2,0.0020097086875
"384",2019,"F5","Deciduous shrubs",0.27685244825,0.06105175560657,3,0.0352482475339524
"385",2019,"F5","Eriophorum",0.0773322893333333,0.0386959865532757,3,0.0223411382530919
"386",2019,"F5","Evergreen shrubs",0.238110932958333,0.122434756019003,3,0.0706877393457375
"387",2019,"F5","Forb",0.100407318125,0.0953991350447431,3,0.0550787162985399
"388",2019,"F5","Gramminoid",0.127537518708333,0.0508118555410447,3,0.0293362384746465
"389",2019,"F5","Lichen",0.005974571375,0.00478938219107045,2,0.003386604625
"390",2019,"F5","Litter",0.113060506666667,0.0240227904144313,3,0.0138695645124579
"391",2019,"F5","Moss",0.00715601216666667,0.00752040262556158,3,0.00434190648028235
"392",2019,"F5","Standing dead",0.0184960049375,0.0173455594173749,2,0.0122651626875
"393",2020,"CT","Bare ground",0.0103225806,NA,1,NA
"394",2020,"CT","Deciduous shrubs",0.247311602066667,0.0263446086519878,3,0.0152100668969205
"395",2020,"CT","Eriophorum",0.136723778066667,0.0584051454743141,3,0.0337202264616545
"396",2020,"CT","Evergreen shrubs",0.231486606133333,0.0294387859113984,3,0.0169964909705617
"397",2020,"CT","Forb",0.0519577256666667,0.0335315663134803,3,0.0193594588374376
"398",2020,"CT","Gramminoid",0.0809432245333333,0.0413794165038456,3,0.0238904172574049
"399",2020,"CT","Lichen",0.0760497018666667,0.0529694112250513,3,0.0305819038295994
"400",2020,"CT","Litter",0.0510906678,0.0482158139135709,3,0.027837413142197
"401",2020,"CT","Moss",0.1209958332,0.0464935968469312,3,0.0268430906551697
"402",2020,"F10","Deciduous shrubs",0.4696479836,0.0763623236726063,3,0.0440878081283246
"403",2020,"F10","Eriophorum",0.0695386363333333,0.0406812684538484,3,0.0234873412928048
"404",2020,"F10","Evergreen shrubs",0.0203728952,0.0161258468369414,3,0.00931026201221878
"405",2020,"F10","Forb",0.191279576466667,0.110319205699512,3,0.0636928231073989
"406",2020,"F10","Gramminoid",0.131424756733333,0.0121331066677641,3,0.00700505240074006
"407",2020,"F10","Litter",0.0953355542,0.0462070956350021,3,0.0266776791033392
"408",2020,"F10","Moss",0.0019369637,0.000841007208277801,2,0.0005946819
"409",2020,"F10","Standing dead",0.0266648439333333,0.0292774360125928,3,0.0169033355630525
"410",2020,"F2","Deciduous shrubs",0.229518816466667,0.0957138769302668,3,0.0552604326108723
"411",2020,"F2","Eriophorum",0.0828121264,0.0375317812740105,3,0.0216689840217161
"412",2020,"F2","Evergreen shrubs",0.3487760414,0.0585992643290213,3,0.0338323010346745
"413",2020,"F2","Forb",0.1262158936,0.0860003879076405,3,0.0496523471088885
"414",2020,"F2","Gramminoid",0.113353396866667,0.0651747098741009,3,0.0376286362901679
"415",2020,"F2","Lichen",0.0396889181333333,0.0214705912913268,3,0.0123960516617079
"416",2020,"F2","Litter",0.0335774055333333,0.0228294978494669,3,0.0131806167288537
"417",2020,"F2","Moss",0.0260574014,0.0276736626616006,3,0.015977396587138
"418",2020,"F5","Bare ground",0.0051282052,NA,1,NA
"419",2020,"F5","Deciduous shrubs",0.267476757066667,0.0785250153010085,3,0.0453364387221567
"420",2020,"F5","Eriophorum",0.113008426266667,0.0554273708098214,3,0.0320010074575236
"421",2020,"F5","Evergreen shrubs",0.292043054133333,0.119917991261562,3,0.0692346845355421
"422",2020,"F5","Forb",0.1285971182,0.105718245851512,3,0.0610364577006253
"423",2020,"F5","Gramminoid",0.1174821142,0.0311604343584284,3,0.0179904851649043
"424",2020,"F5","Lichen",0.0071687072,0.0075899504046534,2,0.0053669054
"425",2020,"F5","Litter",0.0620056412666667,0.0288489297228007,3,0.0166559373412916
"426",2020,"F5","Moss",0.009978641,0.00571081304530458,3,0.00329713944899823
"427",2020,"F5","Standing dead",0.008759124,NA,1,NA
"428",2021,"CT","Bare ground",0.0250173765416667,0.0372234261708935,3,0.0214909551199255
"429",2021,"CT","Deciduous shrubs",0.230051873125,0.0302039875955193,3,0.0174382803688732
"430",2021,"CT","Eriophorum",0.148747811208333,0.0621702180879188,3,0.0358939921486377
"431",2021,"CT","Evergreen shrubs",0.247130854458333,0.0482412047299701,3,0.0278520725368801
"432",2021,"CT","Forb",0.0419998717083333,0.0428349309784691,3,0.0247307589311382
"433",2021,"CT","Gramminoid",0.0652254684583333,0.0230645886579888,3,0.0133163464704378
"434",2021,"CT","Lichen",0.0199452962916667,0.0186057956512845,3,0.0107420611277563
"435",2021,"CT","Litter",0.123157422041667,0.0497431317999489,3,0.0287192105350355
"436",2021,"CT","Moss",0.0782054667083333,0.0277316894854905,3,0.0160108983895311
"437",2021,"CT","Standing dead",0.0205185595,0.00860158379818426,3,0.00496612672133881
"438",2021,"F10","Bare ground",0.00373438091666667,0.00379830137465157,3,0.00219295032111841
"439",2021,"F10","Deciduous shrubs",0.592952272041667,0.0298738054940848,3,0.0172476496437284
"440",2021,"F10","Eriophorum",0.0282597254583333,0.0265716396279116,3,0.0153411432919845
"441",2021,"F10","Evergreen shrubs",0.0203117770416667,0.00324010493453195,3,0.00187067545615466
"442",2021,"F10","Forb",0.139852040625,0.0861363312159116,3,0.0497308340145134
"443",2021,"F10","Gramminoid",0.0796390622916667,0.0160915484565684,3,0.00929045983307765
"444",2021,"F10","Lichen",0.0014453475,0.00204034975141389,3,0.00117799647821979
"445",2021,"F10","Litter",0.071274471375,0.0443435221171626,3,0.0256017444311599
"446",2021,"F10","Moss",0.00383737475,0.0027309828028354,3,0.00157673365636926
"447",2021,"F10","Standing dead",0.0586935479583333,0.0478017494457664,3,0.0275983529102483
"448",2021,"F2","Bare ground",0.00100064483333333,0.00148426155225263,3,0.000856938806740866
"449",2021,"F2","Deciduous shrubs",0.228734283166667,0.124137162946463,3,0.0716706244435766
"450",2021,"F2","Eriophorum",0.0796941795833333,0.0575323180229144,3,0.0332162992976328
"451",2021,"F2","Evergreen shrubs",0.342593113041667,0.0433733601506409,3,0.0250416211586311
"452",2021,"F2","Forb",0.121248021791667,0.0704738306158172,3,0.0406880850768661
"453",2021,"F2","Gramminoid",0.0769589552083333,0.0260845182601469,3,0.0150599036391775
"454",2021,"F2","Lichen",0.008669718,0.00749437389947039,3,0.00432687878826694
"455",2021,"F2","Litter",0.112422757416667,0.0420826286624667,3,0.0242964169864822
"456",2021,"F2","Moss",0.0187359045416667,0.0154846503081667,3,0.00894006702372729
"457",2021,"F2","Standing dead",0.0099424225,0.00282532578283204,3,0.00163120260126647
"458",2021,"F5","Bare ground",0.00138228683333333,0.00215119383158124,3,0.00124199233774249
"459",2021,"F5","Deciduous shrubs",0.317534228583333,0.0560560395472012,3,0.0323639695222809
"460",2021,"F5","Eriophorum",0.04935968875,0.0413923283611034,3,0.0238978719216684
"461",2021,"F5","Evergreen shrubs",0.272136265666667,0.1222918700456,3,0.0706052440905302
"462",2021,"F5","Forb",0.099964947625,0.0872721262116951,3,0.0503865855610732
"463",2021,"F5","Gramminoid",0.110036108083333,0.0527938195566054,3,0.0304805259325547
"464",2021,"F5","Lichen",0.00182323566666667,0.00267288352976353,3,0.00154319002542149
"465",2021,"F5","Litter",0.106176941083333,0.0214345800676539,3,0.0123752605720266
"466",2021,"F5","Moss",0.00373249570833333,0.00434631414621439,3,0.00250934564229956
"467",2021,"F5","Standing dead",0.0378538020833333,0.0224003656245416,3,0.0129328571232751
